number,email
WBO02XXXX8,rahatnissa690@gmail.com
MH04JM8765,rahatnissa690@gmail.com
CG04MF2250,rahatnissa690@gmail.com
KAO3MG2825,rahatnissa690@gmail.com
KA27N1263,rahatnissa690@gmail.com
KA14MB56730,rahatnissa@gmail.com
DL7CQ1939,rahatnissa690@gmail.com
MH12BG7237,rahatnissa690@gmail.com
MH02BY3123,rahatnissa690@gmail.com
KA14N4416,rahatnissa690@gmail.com
KA14Z0977,rahatnissa690@gmail.com
KA14P3394,rahatnissa690@gmail.com
MH12DE1433,rahatnissa690@gmail.com
TN48AF3148,rahatnissa690@gmail.com
UP32RN5761,rahatnissa690@gmail.com
HP01H5011,rahatnissa690@gmail.com
HR67A9100,rahatnissa690@gmail.com
MH20EJ0364,rahatnissa690@gmail.com
22BH6517A,rahatnissa690@gmail.com
HR26DK8337,rahatnissa690@gmail.com